记账,金额,日期,pic,年
税,109600,2023/05/30,%E6%94%AF%E5%87%BA%E6%98%8E%E7%BB%86%20944ebb3afe4a412fabd97aa396c92edd/%E7%A8%8E%203d2665c49fbe4c168b2aec0f29ad2bf5/20230530.jpg,2023
水,1826,2022/12/23,%E6%94%AF%E5%87%BA%E6%98%8E%E7%BB%86%20944ebb3afe4a412fabd97aa396c92edd/%E6%B0%B4%205f5110d1295143c981ef563cfc0d9fc6/2022-12-23.jpg,2022
水,1826,2022/10/27,%E6%94%AF%E5%87%BA%E6%98%8E%E7%BB%86%20944ebb3afe4a412fabd97aa396c92edd/%E6%B0%B4%20eaee0b03746844b78ec92378beab56df/2022-10-27.jpg,2022
水,1826,2022/08/27,%E6%94%AF%E5%87%BA%E6%98%8E%E7%BB%86%20944ebb3afe4a412fabd97aa396c92edd/%E6%B0%B4%20b67341c351a945c29ffd999dd3bda0ca/2022-08-27.jpg,2022
水,1826,2022/06/27,%E6%94%AF%E5%87%BA%E6%98%8E%E7%BB%86%20944ebb3afe4a412fabd97aa396c92edd/%E6%B0%B4%2049c70a8445c84678a1a1a2258b912538/WechatIMG52.jpeg,2022
税,109600,2022/05/30,%E6%94%AF%E5%87%BA%E6%98%8E%E7%BB%86%20944ebb3afe4a412fabd97aa396c92edd/%E7%A8%8E%2083207203421a44f7afe973d9b3a375ef/mmexport1653973792910.jpg,2022
水,1826,2022/04/22,%E6%94%AF%E5%87%BA%E6%98%8E%E7%BB%86%20944ebb3afe4a412fabd97aa396c92edd/%E6%B0%B4%2013c584f49a5b46588b028eb2862b0505/1100082573.jpg,2022
水,1826,2022/02/21,%E6%94%AF%E5%87%BA%E6%98%8E%E7%BB%86%20944ebb3afe4a412fabd97aa396c92edd/%E6%B0%B4%20fb5a5efede1d49d9b992dbbb0ee912a9/957812905.jpg,2022
税,14000,2022/02/21,%E6%94%AF%E5%87%BA%E6%98%8E%E7%BB%86%20944ebb3afe4a412fabd97aa396c92edd/%E7%A8%8E%202e03cf6a95b0418694d5510fc2dc07a8/2066766514.jpg,2022
税,14000,2021/12/24,%E6%94%AF%E5%87%BA%E6%98%8E%E7%BB%86%20944ebb3afe4a412fabd97aa396c92edd/%E7%A8%8E%20d7b4b8e57f224c69b2519f64f5a7a3b3/737888016.jpg,2021
水,1826,2021/12/24,%E6%94%AF%E5%87%BA%E6%98%8E%E7%BB%86%20944ebb3afe4a412fabd97aa396c92edd/%E6%B0%B4%203ddd92671bf14d009f0ee7eb028c4cdd/635622272.jpg,2021
水,1826,2021/10/26,%E6%94%AF%E5%87%BA%E6%98%8E%E7%BB%86%20944ebb3afe4a412fabd97aa396c92edd/%E6%B0%B4%20b8f669db9ef245059e033490dd1e7250/1703931285.jpg,2021
水,1826,2021/08/27,%E6%94%AF%E5%87%BA%E6%98%8E%E7%BB%86%20944ebb3afe4a412fabd97aa396c92edd/%E6%B0%B4%2071c8a2ddb1cc42dbb9ac0d4a67d1a0a0/235006960.jpg,2021
税,14000,2021/07/29,%E6%94%AF%E5%87%BA%E6%98%8E%E7%BB%86%20944ebb3afe4a412fabd97aa396c92edd/%E7%A8%8E%20b47757e1caf54bbaa06f30e80bd21349/916824953.jpg,2021
水,1826,2021/06/25,%E6%94%AF%E5%87%BA%E6%98%8E%E7%BB%86%20944ebb3afe4a412fabd97aa396c92edd/%E6%B0%B4%208a90cbc640854708aa831a718f5a682c/841055767.jpg,2021
税,17300,2021/05/31,%E6%94%AF%E5%87%BA%E6%98%8E%E7%BB%86%20944ebb3afe4a412fabd97aa396c92edd/%E7%A8%8E%20e8d6a57f54314d19b6957822515502ac/1379486209.jpg,2021
水,1826,2021/04/30,%E6%94%AF%E5%87%BA%E6%98%8E%E7%BB%86%20944ebb3afe4a412fabd97aa396c92edd/%E6%B0%B4%205a86994d727c4f82b01612530e937f96/1001267112.jpg,2021
税,16000,2021/02/28,%E6%94%AF%E5%87%BA%E6%98%8E%E7%BB%86%20944ebb3afe4a412fabd97aa396c92edd/%E7%A8%8E%20c64875b6fb0843d6a9ae2cbc755fb639/2037843319.jpg,2021
水,1826,2021/02/28,%E6%94%AF%E5%87%BA%E6%98%8E%E7%BB%86%20944ebb3afe4a412fabd97aa396c92edd/%E6%B0%B4%20b7fa99b7d150415087bb57eeb81c9e3c/603463913.jpg,2021
水,1826,2020/12/30,%E6%94%AF%E5%87%BA%E6%98%8E%E7%BB%86%20944ebb3afe4a412fabd97aa396c92edd/%E6%B0%B4%20f40d2eac0f794d608d35daba15f37e50/538657493.jpg,2020
税,16000,2020/12/30,%E6%94%AF%E5%87%BA%E6%98%8E%E7%BB%86%20944ebb3afe4a412fabd97aa396c92edd/%E7%A8%8E%20f901f952f1334d018d6792ff3549754c/1537928795.jpg,2020
水,1826,2020/10/27,%E6%94%AF%E5%87%BA%E6%98%8E%E7%BB%86%20944ebb3afe4a412fabd97aa396c92edd/%E6%B0%B4%20087228e80cfe42149cedf4d8c3695ad6/873967787.jpg,2020
水,1826,2020/08/31,%E6%94%AF%E5%87%BA%E6%98%8E%E7%BB%86%20944ebb3afe4a412fabd97aa396c92edd/%E6%B0%B4%204ad4544bc9ce46dc8e58d6a7009f12e8/1497311339.jpg,2020
税,16000,2020/07/28,%E6%94%AF%E5%87%BA%E6%98%8E%E7%BB%86%20944ebb3afe4a412fabd97aa396c92edd/%E7%A8%8E%201c432d175fcc4160842bf1a094f967ad/1618050362.jpg,2020
水,1826,2020/07/01,%E6%94%AF%E5%87%BA%E6%98%8E%E7%BB%86%20944ebb3afe4a412fabd97aa396c92edd/%E6%B0%B4%207b6ccb53d6654743941aef1ad0900477/1642440972.jpg,2020
税,16500,2020/06/01,%E6%94%AF%E5%87%BA%E6%98%8E%E7%BB%86%20944ebb3afe4a412fabd97aa396c92edd/%E7%A8%8E%207ab1b932b11d442d9b38ac916d97d447/505805214.jpg,2020
水,1826,2020/04/28,%E6%94%AF%E5%87%BA%E6%98%8E%E7%BB%86%20944ebb3afe4a412fabd97aa396c92edd/%E6%B0%B4%20f712abf1105c418fb7f89ace045210b1/1506649895.jpg,2020
水,1826,2020/02/27,%E6%94%AF%E5%87%BA%E6%98%8E%E7%BB%86%20944ebb3afe4a412fabd97aa396c92edd/%E6%B0%B4%205c0359fe018049d79c099726527e5e0e/1300944547.jpg,2020
税,16000,2020/02/27,%E6%94%AF%E5%87%BA%E6%98%8E%E7%BB%86%20944ebb3afe4a412fabd97aa396c92edd/%E7%A8%8E%201e188f7e6e074a30a1fb977b94777825/1576264252.jpg,2020
税,16000,2019/12/26,%E6%94%AF%E5%87%BA%E6%98%8E%E7%BB%86%20944ebb3afe4a412fabd97aa396c92edd/%E7%A8%8E%20d38545c6f39640eeaecc68a24ae9de8c/223033432.jpg,2019
水,1826,2019/12/26,%E6%94%AF%E5%87%BA%E6%98%8E%E7%BB%86%20944ebb3afe4a412fabd97aa396c92edd/%E6%B0%B4%2072151e139ce74e778c95e8cb81d8d869/486353814.jpg,2019
煤气,2066,2019/12/26,%E6%94%AF%E5%87%BA%E6%98%8E%E7%BB%86%20944ebb3afe4a412fabd97aa396c92edd/%E7%85%A4%E6%B0%94%20fe3be9993ec04b40a7d6a4f5e46307f0/IMG_0742.jpg,2019
煤气,1296,2019/12/16,%E6%94%AF%E5%87%BA%E6%98%8E%E7%BB%86%20944ebb3afe4a412fabd97aa396c92edd/%E7%85%A4%E6%B0%94%2070b6f1ed82fd44e1a49be1e3acfb54ab/958476823.jpg,2019
煤气,1271,2019/11/13,%E6%94%AF%E5%87%BA%E6%98%8E%E7%BB%86%20944ebb3afe4a412fabd97aa396c92edd/%E7%85%A4%E6%B0%94%2069f99293ce0645c78c28b6173a46ee8f/70E8494F-0D49-4417-8F3C-717D970B6AFA.jpeg,2019
水,1792,2019/10/28,%E6%94%AF%E5%87%BA%E6%98%8E%E7%BB%86%20944ebb3afe4a412fabd97aa396c92edd/%E6%B0%B4%20d47dccf6b99f4df0ba4a454b9eee31c9/6A9F3B04-F79F-458D-9606-C1B479516492.jpeg,2019
煤气,1242,2019/09/06,%E6%94%AF%E5%87%BA%E6%98%8E%E7%BB%86%20944ebb3afe4a412fabd97aa396c92edd/%E7%85%A4%E6%B0%94%20a95fb87783d64ae9ac5ad63bd933c7ee/F97BC7B5-D5C5-4076-BCED-6BCB5BE9D442.jpeg,2019
水,1792,2019/08/28,%E6%94%AF%E5%87%BA%E6%98%8E%E7%BB%86%20944ebb3afe4a412fabd97aa396c92edd/%E6%B0%B4%2014c153c01ce14a7d917255662cc31aed/BF533A6D-3607-4410-A309-918B6A804D37.jpeg,2019
税,16000,2019/07/30,%E6%94%AF%E5%87%BA%E6%98%8E%E7%BB%86%20944ebb3afe4a412fabd97aa396c92edd/%E7%A8%8E%20de4ab183637d4b4b806b2efc6606372c/C7F80EBB-C80C-4435-A4F1-BA8A51E76E77.jpeg,2019
煤气,1242,2019/07/30,%E6%94%AF%E5%87%BA%E6%98%8E%E7%BB%86%20944ebb3afe4a412fabd97aa396c92edd/%E7%85%A4%E6%B0%94%20ab2305ddb45c4c7a8822d856542a640c/8BD56609-1C02-48E4-B7B5-2AC6418FD73E.jpeg,2019
煤气,1242,2019/06/26,%E6%94%AF%E5%87%BA%E6%98%8E%E7%BB%86%20944ebb3afe4a412fabd97aa396c92edd/%E7%85%A4%E6%B0%94%206022c14560c24079a871302753d7d9f6/C84B8518-C1F2-4972-BE9D-F0109FF8BF2C.jpeg,2019
水,1792,2019/06/26,%E6%94%AF%E5%87%BA%E6%98%8E%E7%BB%86%20944ebb3afe4a412fabd97aa396c92edd/%E6%B0%B4%204eafeebcf1644cfeafe412a8958bad47/810384DF-9937-4AD1-8EA0-814CBC7542A9.jpeg,2019
税,16500,2019/05/27,%E6%94%AF%E5%87%BA%E6%98%8E%E7%BB%86%20944ebb3afe4a412fabd97aa396c92edd/%E7%A8%8E%205586c820b0fa448096d20dea57350022/9B5D35DE-0C71-407B-996B-02654E40BB26.jpeg,2019
煤气,1242,2019/05/27,%E6%94%AF%E5%87%BA%E6%98%8E%E7%BB%86%20944ebb3afe4a412fabd97aa396c92edd/%E7%85%A4%E6%B0%94%20f5231dde28784732a5d4a924d0f24d35/B6E2C22E-7448-4560-908F-5375B939E53B.jpeg,2019
水,1792,2019/04/22,%E6%94%AF%E5%87%BA%E6%98%8E%E7%BB%86%20944ebb3afe4a412fabd97aa396c92edd/%E6%B0%B4%20d709d1311b5144418a533ba741e67f72/IMG_0757.jpg,2019
煤气,1242,2019/04/12,%E6%94%AF%E5%87%BA%E6%98%8E%E7%BB%86%20944ebb3afe4a412fabd97aa396c92edd/%E7%85%A4%E6%B0%94%201022c3afaa1346a19d4daa490565ec09/3C534958-FD20-4671-AC17-2D3AE3316BBC.jpeg,2019
煤气,3764,2019/04/05,%E6%94%AF%E5%87%BA%E6%98%8E%E7%BB%86%20944ebb3afe4a412fabd97aa396c92edd/%E7%85%A4%E6%B0%94%20d039b5ae90784551bd5a88899dedeaa8/C0E81D6E-FCB3-4E53-842B-CD48DEA4822F.jpeg,2019
水,1792,2019/02/15,%E6%94%AF%E5%87%BA%E6%98%8E%E7%BB%86%20944ebb3afe4a412fabd97aa396c92edd/%E6%B0%B4%2083d68997a1d74d05852f1c3f6091c0dc/IMG_0754.jpg,2019
煤气,1242,2019/02/08,%E6%94%AF%E5%87%BA%E6%98%8E%E7%BB%86%20944ebb3afe4a412fabd97aa396c92edd/%E7%85%A4%E6%B0%94%2096cf151e868b447fa293159e6f8d2e78/IMG_0752.jpg,2019
煤气,2207,2019/01/09,%E6%94%AF%E5%87%BA%E6%98%8E%E7%BB%86%20944ebb3afe4a412fabd97aa396c92edd/%E7%85%A4%E6%B0%94%20b6063ea3fec94e949341ebb703af350b/IMG_0753.jpg,2019
水,1792,2018/12/18,%E6%94%AF%E5%87%BA%E6%98%8E%E7%BB%86%20944ebb3afe4a412fabd97aa396c92edd/%E6%B0%B4%2037f5d0b0728c42adbb2d2e665a6fd9bc/F1575097-7728-47BB-975D-B3A008BACED7.jpeg,2018
煤气,1342,2018/12/10,%E6%94%AF%E5%87%BA%E6%98%8E%E7%BB%86%20944ebb3afe4a412fabd97aa396c92edd/%E7%85%A4%E6%B0%94%2056f240ae07f143108455fbe5824f0334/3FCA6CF4-7530-42B5-BCB0-7BEC83409D49.jpeg,2018
煤气,1512,2018/11/08,%E6%94%AF%E5%87%BA%E6%98%8E%E7%BB%86%20944ebb3afe4a412fabd97aa396c92edd/%E7%85%A4%E6%B0%94%2016da781752ab462dbdfac62b7c8b8fd2/IMG_0749.jpg,2018
煤气,1342,2018/10/01,%E6%94%AF%E5%87%BA%E6%98%8E%E7%BB%86%20944ebb3afe4a412fabd97aa396c92edd/%E7%85%A4%E6%B0%94%20b7b7092752294adc9990f2f34c765459/IMG_0745.jpg,2018
煤气,1185,2018/09/09,%E6%94%AF%E5%87%BA%E6%98%8E%E7%BB%86%20944ebb3afe4a412fabd97aa396c92edd/%E7%85%A4%E6%B0%94%20db8eec4986034f339951d851206ac0f1/IMG_0748.jpg,2018